{
  "project_info": {
    "project_number": "758271606080",
    "firebase_url": "https://ping-up-9fbdd.firebaseio.com",
    "project_id": "ping-up-9fbdd",
    "storage_bucket": "ping-up-9fbdd.appspot.com"
  },
  "client": [
    {
      "client_info": {
        "mobilesdk_app_id": "1:758271606080:android:6f0fd2675e8149ca",
        "android_client_info": {
          "package_name": "com.arpitnarang.pingup"
        }
      },
      "oauth_client": [
        {
          "client_id": "758271606080-issgbpbnkkfj1e9oep67od260fa3p5l9.apps.googleusercontent.com",
          "client_type": 1,
          "android_info": {
            "package_name": "com.arpitnarang.pingup",
            "certificate_hash": "02370a6dfad5a1af226f6192f1699e1ceb548d7a"
          }
        },
        {
          "client_id": "758271606080-03k4iot8inqj3o3qgauomffgjula4j9c.apps.googleusercontent.com",
          "client_type": 3
        }
      ],
      "api_key": [
        {
          "current_key": "AIzaSyBQ_x3nY-IyIyQ2RNb2qTpF1sDIR7L_b2g"
        }
      ],
      "services": {
        "analytics_service": {
          "status": 1
        },
        "appinvite_service": {
          "status": 2,
          "other_platform_oauth_client": [
            {
              "client_id": "758271606080-03k4iot8inqj3o3qgauomffgjula4j9c.apps.googleusercontent.com",
              "client_type": 3
            }
          ]
        },
        "ads_service": {
          "status": 2
        }
      }
    }
  ],
  "configuration_version": "1"
}